variant,epoch,train_loss,train_accuracy,val_loss,val_accuracy,val_macro_f1,learning_rate,seconds
depthwise,1,1.6404553177727594,0.3916222222222222,1.4121315673828125,0.4864,0.48902860023261835,0.0019980267284282717,6.177329959347844
depthwise,2,1.3364471860249838,0.5155111111111111,1.3880372192382813,0.5104,0.4925275599735399,0.001992114701314478,5.654770165681839
depthwise,3,1.2316040808147855,0.5553777777777777,1.3700800170898437,0.5098,0.4935021146558725,0.001982287250728689,6.193141375202686
depthwise,4,1.168887288792928,0.5801333333333333,1.1412095275878906,0.5868,0.5783619323052811,0.001968583161128631,5.998431625310332
depthwise,5,1.1183133249706692,0.6003333333333334,1.0948459228515626,0.6126,0.6068186052669777,0.0019510565162951538,6.14297241717577
depthwise,6,1.0795010966830783,0.6159111111111111,1.0297554992675781,0.6332,0.6224997685367251,0.0019297764858882515,6.331650041975081
depthwise,7,1.046156213294135,0.6286666666666667,1.1628041137695313,0.6004,0.6017316336638355,0.0019048270524660198,6.451504458207637
depthwise,8,1.0186982784483167,0.6387111111111111,1.0344212768554688,0.6242,0.6231178107086202,0.0018763066800438636,6.377726166974753
depthwise,9,0.9938032506942749,0.6478666666666667,1.0254606628417968,0.6292,0.6289295829620574,0.001844327925502015,6.051576541736722
depthwise,10,0.9780571317460802,0.6538444444444445,0.9926242462158203,0.6502,0.6433876953925106,0.0018090169943749473,5.9249330828897655
depthwise,11,0.9561656133015951,0.6608666666666667,0.9607301239013671,0.66,0.658523979388667,0.001770513242775789,6.345204540994018
depthwise,12,0.9460754578484429,0.6667111111111111,0.9373284301757813,0.6722,0.6673911082258879,0.0017289686274214113,7.673137666657567
depthwise,13,0.9244709111319648,0.6747555555555556,0.9651223663330079,0.6658,0.669173848739363,0.0016845471059286886,7.313331709243357
depthwise,14,0.9098458767573039,0.6801555555555555,0.8984785247802735,0.6832,0.6816722927877958,0.0016374239897486895,6.152936417143792
depthwise,15,0.8979078578948975,0.6855111111111111,0.923007666015625,0.6784,0.6756943569336957,0.0015877852522924731,5.029673459008336
depthwise,16,0.8885780214627583,0.6880666666666667,0.883478646850586,0.6876,0.6824807378333332,0.0015358267949789964,5.032587124966085
depthwise,17,0.8772569526672364,0.6913111111111111,0.8898109954833985,0.678,0.680518564075794,0.0014817536741017151,4.951344375032932
depthwise,18,0.863934528488583,0.6968888888888889,0.8781161590576172,0.698,0.7000668050331047,0.0014257792915650725,4.877670541871339
depthwise,19,0.8585322655359904,0.7013555555555555,0.8867282470703125,0.6892,0.6840600095153284,0.0013681245526846778,4.934062249958515
depthwise,20,0.8479338167508443,0.7012,0.9632033721923828,0.666,0.664043626019508,0.001309016994374947,4.9971187501214445
depthwise,21,0.8349549589157105,0.7087111111111111,0.8924511901855469,0.6836,0.6827392872447041,0.0012486898871648543,5.212413084227592
depthwise,22,0.830944171778361,0.7080888888888889,0.83086484375,0.7124,0.7099885763079763,0.0011873813145857244,5.307429333217442
depthwise,23,0.8246098470158048,0.7110444444444445,0.831551724243164,0.701,0.7040226351281859,0.001125333233564304,5.454187250230461
depthwise,24,0.8116260664621989,0.7168,0.8250074295043945,0.711,0.7101161881019664,0.001062790519529313,5.16546970885247
depthwise,25,0.8063490998586019,0.7166,0.8302313598632812,0.7068,0.703660980129593,0.0009999999999999996,5.164287707768381
depthwise,26,0.7988693877644009,0.7206222222222223,0.802152018737793,0.7258,0.7248697393299341,0.0009372094804706863,5.170660207979381
depthwise,27,0.792232748805152,0.7233333333333334,0.7909996322631836,0.7178,0.717564797139061,0.0008746667664356955,5.215379874687642
depthwise,28,0.7887027212778728,0.7244,0.8132142364501953,0.7172,0.7172232727876866,0.0008126186854142751,6.0986681249924
depthwise,29,0.7850541785028246,0.7267333333333333,0.7967230224609375,0.7246,0.7236261423714412,0.0007513101128351449,5.735632375348359
depthwise,30,0.779462958908081,0.7287333333333333,0.7907804824829101,0.723,0.7214260397085881,0.0006909830056250527,5.890872790943831
depthwise,31,0.7737535719341702,0.7304666666666667,0.7633166564941406,0.731,0.7297220921096321,0.0006318754473153221,5.915584417060018
depthwise,32,0.7697485980033875,0.7302,0.7529322219848633,0.7374,0.734956473783287,0.0005742207084349271,5.738144584000111
depthwise,33,0.7642459887186687,0.7332888888888889,0.7641853912353516,0.7254,0.7250103224332286,0.0005182463258982844,5.562307165935636
depthwise,34,0.7653248021337721,0.7337333333333333,0.7907159210205078,0.7254,0.7231023270556468,0.0004641732050210029,5.2621302916668355
depthwise,35,0.7615942605548435,0.7340888888888889,0.7508223876953125,0.7378,0.734405646364465,0.00041221474770752675,5.381705791223794
depthwise,36,0.7555706734763251,0.7348222222222223,0.7467717300415039,0.7418,0.7391749879069152,0.00036257601025131003,5.312201499938965
depthwise,37,0.7509273037168714,0.7388444444444444,0.7512928680419921,0.7388,0.7368747218896085,0.0003154528940713111,5.545295583084226
depthwise,38,0.7481205270873176,0.7388222222222223,0.7408552139282226,0.739,0.737548052550953,0.0002710313725785885,5.5328008332289755
depthwise,39,0.7441961490207248,0.7395333333333334,0.7380108749389649,0.7422,0.741230478198595,0.0002294867572242107,5.963446458335966
depthwise,40,0.7412816422038608,0.7427333333333334,0.7416164978027344,0.7406,0.7395701422471708,0.00019098300562505252,5.170181833673269
depthwise,41,0.7419221610175238,0.7428888888888889,0.7354836639404296,0.739,0.7385583256547668,0.00015567207449798505,5.220487500075251
depthwise,42,0.7393183274586995,0.7424666666666667,0.7340202270507813,0.742,0.7409743238198998,0.00012369331995613634,5.359156750142574
depthwise,43,0.740080378595988,0.7415111111111111,0.7320577133178711,0.7426,0.7411782772815975,9.517294753398059e-05,5.058104750234634
depthwise,44,0.7346861181365119,0.7434222222222222,0.7287223541259765,0.7432,0.7417161830566555,7.022351411174861e-05,5.278019125107676
depthwise,45,0.7367935909377205,0.7416888888888888,0.7315092666625976,0.7418,0.7407835102563718,4.8943483704846436e-05,5.315298457629979
depthwise,46,0.736001127243042,0.7421555555555556,0.7309964813232422,0.7432,0.7418561235640773,3.1416838871369015e-05,5.2549262079410255
depthwise,47,0.734457092751397,0.7439111111111111,0.7293345367431641,0.7432,0.7419493410225341,1.7712749271311268e-05,5.3651126669719815
depthwise,48,0.733222757604387,0.7451333333333333,0.7299835189819336,0.7432,0.74213351313448,7.88529868552223e-06,5.493777292314917
depthwise,49,0.7314264322492812,0.7447111111111111,0.7296427047729492,0.7428,0.7420324756558458,1.9732715717284396e-06,5.405223167035729
depthwise,50,0.735412790913052,0.7440666666666667,0.7297288299560547,0.7452,0.7436640862718077,0.0,5.197731291875243
